Geographic area,Date,Epi week,At least 1 dose count,% of total population with at least 1 dose,Completed primary series count,% of total population that completed their primary series,Completed primary series and 1 booster dose count,% of total population that completed their primary series and 1 booster dose,Completed primary series and 2+ booster doses count,% of total population that completed their primary series and 2+ booster doses,At least 1 dose coverage (%): under 5,At least 1 dose coverage (%): 5 - 11,At least 1 dose coverage (%): 12 - 17,At least 1 dose coverage (%): 18 - 29,At least 1 dose coverage (%): 30 - 39,At least 1 dose coverage (%): 40 - 49,At least 1 dose coverage (%): 50 - 59,At least 1 dose coverage (%): 60 - 69,At least 1 dose coverage (%): 70 - 79,At least 1 dose coverage (%): 80+,Completed primary series coverage (%): under 5,Completed primary series coverage (%): 5 - 11,Completed primary series coverage (%): 12 - 17,Completed primary series coverage (%): 18 - 29,Completed primary series coverage (%): 30 - 39,Completed primary series coverage (%): 40 - 49,Completed primary series coverage (%): 50 - 59,Completed primary series coverage (%): 60 - 69,Completed primary series coverage (%): 70 - 79,Completed primary series coverage (%): 80+,Completed primary series and 1 booster dose coverage (%): 5 - 11,Completed primary series and 1 booster dose coverage (%): 12 - 17,Completed primary series and 1 booster dose coverage (%): 18 - 29,Completed primary series and 1 booster dose coverage (%): 30 - 39,Completed primary series and 1 booster dose coverage (%): 40 - 49,Completed primary series and 1 booster dose coverage (%): 50 - 59,Completed primary series and 1 booster dose coverage (%): 60 - 69,Completed primary series and 1 booster dose coverage (%): 70 - 79,Completed primary series and 1 booster dose coverage (%): 80+,Completed primary series and 2+ booster doses coverage (%): 12 - 17,Completed primary series and 2+ booster doses coverage (%): 18 - 29,Completed primary series and 2+ booster doses coverage (%): 30 - 39,Completed primary series and 2+ booster doses coverage (%): 40 - 49,Completed primary series and 2+ booster doses coverage (%): 50 - 59,Completed primary series and 2+ booster doses coverage (%): 60 - 69,Completed primary series and 2+ booster doses coverage (%): 70 - 79,Completed primary series and 2+ booster doses coverage (%): 80+,At least 1 dose count: under 5,At least 1 dose count: 5 - 11,At least 1 dose count: 12 - 17,At least 1 dose count: 18 - 29,At least 1 dose count: 30 - 39,At least 1 dose count: 40 - 49,At least 1 dose count: 50 - 59,At least 1 dose count: 60 - 69,At least 1 dose count: 70 - 79,At least 1 dose count: 80+,Completed primary series count: under 5,Completed primary series count: 5 - 11,Completed primary series count: 12 - 17,Completed primary series count: 18 - 29,Completed primary series count: 30 - 39,Completed primary series count: 40 - 49,Completed primary series count: 50 - 59,Completed primary series count: 60 - 69,Completed primary series count: 70 - 79,Completed primary series count: 80+,Completed primary series and 1 booster dose count: 5 - 11,Completed primary series and 1 booster dose count: 12 - 17,Completed primary series and 1 booster dose count: 18 - 29,Completed primary series and 1 booster dose count: 30 - 39,Completed primary series and 1 booster dose count: 40 - 49,Completed primary series and 1 booster dose count: 50 - 59,Completed primary series and 1 booster dose count: 60 - 69,Completed primary series and 1 booster dose count: 70 - 79,Completed primary series and 1 booster dose count: 80+,Completed primary series and 2+ booster doses count: 12 - 17,Completed primary series and 2+ booster doses count: 18 - 29,Completed primary series and 2+ booster doses count: 30 - 39,Completed primary series and 2+ booster doses count: 40 - 49,Completed primary series and 2+ booster doses count: 50 - 59,Completed primary series and 2+ booster doses count: 60 - 69,Completed primary series and 2+ booster doses count: 70 - 79,Completed primary series and 2+ booster doses count: 80+,Dose 1,Dose 2,Dose 3,Dose 4,Dose 5,Dose 6,Pfizer-BioNTech Comirnaty,Moderna Spikevax,AstraZeneca Vaxzevria,COVISHIELD,Janssen Jcovden (Johnson & Johnson),Novavax Nuvaxovid,Medicago Covifenz,Pfizer-BioNTech Comirnaty Bivalent BA.4/5,Moderna Spikevax Bivalent BA.1
Ontario,"September 30, 2021",39,11336577,74.9,10634649,70.3,67127,0.4,23,0,0,0,63,80,81.9,86.1,88.3,92.7,95.2,95.4,0,0,55.8,71.2,74.9,80.9,84.5,90,93.5,93.9,0,0,0,0.1,0.1,0.2,0.5,1,5.3,0,0,0,0,0,0,0,0,245,59,618194,2033119,1755015,1613369,1761769,1729484,1164767,659241,98,32,547995,1809589,1603760,1515134,1684994,1679212,1144071,649228,0,87,782,1371,2175,4230,8910,12821,36751,0,0,9,6,1,5,1,1,9453,17425,2791,1,0,0,24630,5038,1,0,0,0,0,0,0
Ontario,"October 1, 2021",39,11347672,75,10658115,70.5,69116,0.5,23,0,0,0,63.1,80.1,82,86.2,88.4,92.8,95.2,95.4,0,0,56.2,71.5,75.1,81,84.6,90.1,93.5,94,0,0,0,0.1,0.1,0.2,0.5,1.1,5.4,0,0,0,0,0,0,0,0,246,61,619519,2036151,1757613,1615174,1762979,1730243,1165002,659361,98,32,551214,1816974,1608810,1518491,1687417,1680541,1144569,649431,0,94,822,1464,2306,4453,9282,13270,37425,0,0,9,6,1,5,1,1,10751,22620,2703,2,0,0,30507,5569,0,0,0,0,0,0,0
Ontario,"October 2, 2021",39,11355800,75.1,10676378,70.6,69753,0.5,23,0,0,0,63.2,80.2,82.1,86.3,88.4,92.8,95.2,95.4,0,0,56.5,71.7,75.3,81.2,84.7,90.2,93.5,94,0,0,0,0.1,0.1,0.2,0.5,1.1,5.4,0,0,0,0,0,0,0,0,248,61,620646,2038566,1759415,1616383,1763844,1730723,1165164,659427,98,32,554016,1823118,1612589,1520914,1689190,1681486,1144845,649548,0,98,848,1512,2359,4551,9442,13405,37538,0,0,9,6,1,5,1,1,7930,17590,959,0,0,0,23248,3231,0,0,0,0,0,0,0
Ontario,"October 3, 2021",40,11360521,75.1,10686157,70.6,70021,0.5,23,0,0,0,63.3,80.3,82.2,86.3,88.5,92.8,95.2,95.4,0,0,56.6,71.9,75.4,81.2,84.7,90.2,93.6,94,0,0,0,0.1,0.1,0.2,0.5,1.1,5.4,0,0,0,0,0,0,0,0,248,61,621274,2039983,1760470,1617124,1764338,1730990,1165256,659453,98,32,555451,1826419,1614672,1522256,1690129,1681959,1144984,649612,0,99,856,1533,2390,4585,9510,13484,37564,0,0,9,6,1,5,1,1,4557,9448,383,2,0,0,12793,1597,0,0,0,0,0,0,0
Ontario,"October 4, 2021",40,11369071,75.1,10701928,70.7,71927,0.5,23,0,0,0,63.4,80.4,82.3,86.4,88.5,92.9,95.2,95.4,0,0,56.8,72.1,75.5,81.4,84.8,90.2,93.6,94,0,0,0,0.1,0.1,0.2,0.5,1.1,5.6,0,0,0,0,0,0,0,0,250,64,622042,2042442,1762546,1618520,1765322,1731558,1165473,659527,99,32,557130,1831640,1618255,1524507,1691778,1682838,1145354,649745,0,101,887,1583,2456,4751,9860,13907,38382,0,0,9,6,1,5,1,1,8270,14995,2463,1,0,0,21536,4193,0,0,0,0,0,0,0
Ontario,"October 5, 2021",40,11378657,75.2,10720321,70.9,74670,0.5,24,0,0,0,63.5,80.5,82.4,86.5,88.6,92.9,95.3,95.4,0,0,57,72.3,75.7,81.5,84.9,90.3,93.6,94,0,0,0,0.1,0.1,0.3,0.6,1.2,5.7,0,0,0,0,0,0,0,0,250,64,622980,2045124,1764919,1620045,1766395,1732203,1165733,659613,99,32,559119,1837732,1622275,1527180,1693703,1683955,1145769,649902,0,107,931,1656,2590,4995,10301,14518,39572,0,0,9,6,1,5,2,1,9351,17453,3732,0,0,0,25465,5070,1,0,0,0,0,0,0
Ontario,"October 6, 2021",40,11387988,75.3,10737315,71,77638,0.5,25,0,0,0,63.6,80.6,82.5,86.5,88.6,92.9,95.3,95.5,0,0,57.2,72.5,75.9,81.6,85,90.4,93.7,94.1,0,0,0,0.1,0.1,0.3,0.6,1.2,5.9,0,0,0,0,0,0,0,0,251,64,623848,2047705,1767216,1621552,1767518,1732817,1165958,659723,100,32,560963,1842993,1626192,1529653,1695548,1684998,1146184,650097,0,111,962,1731,2686,5220,10731,15109,41088,0,1,9,6,1,5,2,1,9091,16279,3921,0,0,0,23849,5439,3,0,0,0,0,0,0
Ontario,"October 7, 2021",40,11398653,75.3,10756029,71.1,80228,0.5,25,0,0,0,63.7,80.7,82.6,86.6,88.7,93,95.3,95.5,0,0,57.4,72.8,76.1,81.8,85.1,90.4,93.7,94.1,0,0,0,0.1,0.2,0.3,0.6,1.3,6.1,0,0,0,0,0,0,0,0,255,64,624888,2050534,1769858,1623243,1768873,1733569,1166209,659818,102,32,563056,1848897,1630372,1532349,1697543,1686229,1146606,650286,0,116,1005,1821,2819,5452,11158,15740,42117,0,1,9,6,1,5,2,1,10429,17883,3430,1,0,0,26567,5173,3,0,0,0,0,0,0
Ontario,"October 8, 2021",40,11409254,75.4,10776930,71.2,82226,0.5,26,0,0,0,63.8,80.8,82.7,86.7,88.8,93,95.3,95.5,0,0,57.7,73,76.3,81.9,85.2,90.5,93.7,94.1,0,0,0,0.1,0.2,0.3,0.6,1.3,6.2,0,0,0,0,0,0,0,0,257,67,626085,2053244,1772321,1625007,1770202,1734344,1166468,659915,104,32,565838,1855361,1635081,1535378,1699698,1687444,1147013,650417,0,122,1059,1913,2958,5672,11550,16197,42755,0,2,9,6,1,5,2,1,10370,19849,2733,3,0,0,28170,4780,0,1,0,0,0,0,4
Ontario,"October 9, 2021",40,11416887,75.5,10791959,71.3,82780,0.5,27,0,0,0,63.9,80.9,82.8,86.8,88.8,93,95.3,95.5,0,0,57.9,73.2,76.5,82.1,85.3,90.5,93.7,94.1,0,0,0,0.1,0.2,0.3,0.6,1.3,6.2,0,0,0,0,0,0,0,0,258,67,627134,2055321,1774078,1626229,1771064,1734817,1166594,659979,105,32,568092,1860319,1638266,1537440,1701227,1688150,1147257,650507,0,128,1084,1956,3017,5754,11702,16322,42817,0,2,9,6,1,5,3,1,7435,14308,847,1,0,0,20039,2552,0,0,0,0,0,0,0
Ontario,"October 10, 2021",41,11420716,75.5,10799800,71.4,83042,0.5,27,0,0,0,64,80.9,82.9,86.8,88.8,93,95.3,95.5,0,0,58,73.3,76.6,82.1,85.3,90.5,93.8,94.1,0,0,0,0.1,0.2,0.3,0.6,1.3,6.2,0,0,0,0,0,0,0,0,260,68,627593,2056415,1775036,1626803,1771490,1735025,1166677,659997,105,32,569147,1863061,1640001,1538532,1701958,1688481,1147365,650549,0,131,1095,1972,3049,5815,11763,16376,42841,0,2,9,6,1,5,3,1,3614,7355,375,1,0,0,10227,1118,0,0,0,0,0,0,0
Ontario,"October 11, 2021",41,11422332,75.5,10803042,71.4,83232,0.6,27,0,0,0,64,80.9,82.9,86.8,88.8,93,95.3,95.5,0,0,58,73.4,76.6,82.1,85.4,90.6,93.8,94.1,0,0,0,0.1,0.2,0.3,0.6,1.3,6.2,0,0,0,0,0,0,0,0,260,68,627756,2056919,1775410,1627038,1771678,1735126,1166712,660013,105,32,569497,1864173,1640740,1539000,1702282,1688643,1147426,650574,0,132,1107,1993,3071,5849,11805,16418,42857,0,2,9,6,1,5,3,1,1346,2696,147,0,0,0,3620,569,0,0,0,0,0,0,0
Ontario,"October 12, 2021",41,11431479,75.6,10821020,71.5,84790,0.6,27,0,0,0,64.1,81,83,86.9,88.9,93.1,95.4,95.5,0,0,58.2,73.6,76.8,82.3,85.4,90.6,93.8,94.2,0,0,0,0.1,0.2,0.3,0.7,1.4,6.3,0,0,0,0,0,0,0,0,261,68,628618,2059352,1777624,1628512,1772854,1735791,1166944,660096,106,32,571286,1869854,1644905,1541676,1704194,1689797,1147844,650754,0,135,1147,2061,3169,6054,12195,16816,43213,0,2,9,6,1,5,3,1,8884,17252,1982,0,0,0,24585,3532,0,0,0,0,0,0,0
Ontario,"October 13, 2021",41,11440336,75.6,10838653,71.6,86828,0.6,27,0,0,0,64.1,81.1,83.1,87,88.9,93.1,95.4,95.5,0,0,58.4,73.8,77,82.4,85.5,90.7,93.8,94.2,0,0,0,0.1,0.2,0.3,0.7,1.4,6.4,0,0,0,0,0,0,0,0,261,68,629467,2061798,1779788,1629934,1773954,1736386,1167152,660167,107,32,573180,1875361,1648928,1544317,1706147,1690873,1148221,650915,0,142,1189,2143,3284,6260,12597,17292,43921,0,2,9,6,1,5,3,1,8608,16806,2619,3,0,0,24537,3499,0,0,0,0,0,0,0
Ontario,"October 14, 2021",41,11449103,75.7,10856717,71.8,88676,0.6,29,0,0,0,64.2,81.2,83.2,87.1,89,93.1,95.4,95.5,0,0,58.6,74,77.2,82.6,85.6,90.7,93.9,94.2,0,0,0,0.1,0.2,0.3,0.7,1.4,6.4,0,0,0,0,0,0,0,0,263,69,630289,2064117,1781902,1631410,1775002,1737021,1167399,660264,107,32,575147,1881003,1653073,1547116,1708051,1691932,1148606,651076,0,146,1246,2218,3419,6497,13008,17737,44405,0,2,9,6,1,6,4,1,8507,17239,2354,0,0,0,24446,3653,0,0,0,0,0,0,0
Ontario,"October 15, 2021",41,11458023,75.7,10876494,71.9,90655,0.6,30,0,0,0,64.3,81.3,83.3,87.2,89.1,93.2,95.4,95.6,0,0,58.8,74.2,77.4,82.7,85.8,90.8,93.9,94.2,0,0,0.1,0.1,0.2,0.3,0.7,1.5,6.5,0,0,0,0,0,0,0,0,265,70,631293,2066354,1784022,1632897,1776161,1737644,1167605,660344,107,34,577483,1886839,1657746,1550155,1710237,1693062,1149010,651243,0,153,1296,2306,3562,6753,13448,18190,44947,0,3,9,6,1,6,4,1,8600,19008,2509,2,0,0,26176,3943,0,0,0,0,0,0,0
Ontario,"October 16, 2021",41,11465243,75.8,10891813,72,91596,0.6,30,0,0,0,64.4,81.4,83.4,87.2,89.1,93.2,95.4,95.6,0,0,59.1,74.4,77.5,82.9,85.8,90.8,93.9,94.3,0,0,0.1,0.1,0.2,0.3,0.7,1.5,6.5,0,0,0,0,0,0,0,0,265,70,632308,2068201,1785702,1634026,1777046,1738113,1167740,660401,108,34,579743,1891478,1661050,1552442,1711845,1693899,1149272,651357,0,162,1333,2349,3651,6918,13655,18389,45139,0,3,9,6,1,6,4,1,7008,14733,1203,0,0,0,20360,2583,0,1,0,0,0,0,0
Ontario,"October 17, 2021",42,11468981,75.8,10899934,72,91957,0.6,30,0,0,0,64.5,81.4,83.4,87.2,89.1,93.2,95.4,95.6,0,0,59.2,74.5,77.6,82.9,85.9,90.9,93.9,94.3,0,0,0.1,0.1,0.2,0.3,0.7,1.5,6.5,0,0,0,0,0,0,0,0,267,70,632821,2069212,1786570,1634615,1777485,1738341,1167806,660422,109,34,580913,1893974,1662811,1553636,1712691,1694355,1149414,651409,0,164,1349,2379,3679,6966,13768,18482,45170,0,3,9,6,1,6,4,1,3621,7812,423,0,0,0,10790,1065,0,1,0,0,0,0,0
Ontario,"October 18, 2021",42,11475560,75.9,10912496,72.1,93717,0.6,31,0,0,0,64.6,81.5,83.5,87.3,89.2,93.2,95.4,95.6,0,0,59.3,74.7,77.8,83,85.9,90.9,93.9,94.3,0,0,0.1,0.1,0.2,0.4,0.8,1.5,6.7,0,0,0,0,0,0,0,0,267,70,633442,2070998,1788171,1635665,1778296,1738811,1167980,660485,110,34,582230,1897803,1665720,1555524,1714126,1695173,1149664,651521,0,165,1375,2434,3764,7095,14059,18841,45984,0,3,9,7,1,6,4,1,6237,11922,2081,0,0,0,17807,2433,0,0,0,0,0,0,0
Ontario,"October 19, 2021",42,11483044,75.9,10927308,72.2,96503,0.6,32,0,0,0,64.6,81.6,83.6,87.4,89.2,93.3,95.5,95.6,0,0,59.5,74.8,77.9,83.1,86,91,94,94.3,0,0,0.1,0.1,0.2,0.4,0.8,1.6,6.8,0,0,0,0,0,0,0,0,270,70,634152,2072964,1790032,1636901,1779206,1739335,1168167,660568,110,34,583692,1902256,1669178,1557872,1715718,1696125,1150048,651680,0,170,1417,2506,3904,7356,14578,19440,47132,0,3,9,7,1,6,4,2,7255,14190,3318,0,0,0,21394,3369,0,0,0,0,0,0,0
Ontario,"October 20, 2021",42,11489688,75.9,10940249,72.3,99515,0.7,32,0,0,0,64.7,81.6,83.6,87.4,89.2,93.3,95.5,95.6,0,0,59.6,75,78.1,83.2,86.1,91,94,94.3,0,0,0.1,0.1,0.2,0.4,0.8,1.6,7,0,0,0,0,0,0,0,0,272,70,634833,2074699,1791651,1638002,1779995,1739795,1168336,660653,111,34,585037,1906158,1672165,1559783,1717170,1696971,1150381,651841,0,181,1467,2597,4038,7575,15071,20051,48535,0,3,9,7,1,6,4,2,6374,12330,3534,0,0,0,19201,3037,0,0,0,0,0,0,0
Ontario,"October 21, 2021",42,11496945,76,10955230,72.4,102716,0.7,33,0,0,0,64.8,81.7,83.7,87.5,89.3,93.3,95.5,95.6,0,0,59.8,75.2,78.2,83.4,86.2,91.1,94,94.3,0,0,0.1,0.1,0.2,0.4,0.8,1.7,7.2,0,0,0,0,0,0,0,0,274,70,635613,2076571,1793421,1639170,1780887,1740303,1168537,660716,111,34,586509,1910539,1675768,1562145,1718855,1697960,1150706,652004,0,188,1513,2680,4190,7840,15606,20727,49972,0,3,9,8,1,6,4,2,6982,14368,3727,1,0,0,21077,4001,0,0,0,0,0,0,0
Ontario,"October 22, 2021",42,11504509,76,10972289,72.5,105817,0.7,36,0,0,0,64.9,81.8,83.8,87.6,89.3,93.4,95.5,95.6,0,0,60,75.4,78.4,83.5,86.3,91.1,94.1,94.4,0,0,0.1,0.1,0.2,0.4,0.9,1.8,7.4,0,0,0,0,0,0,0,0,276,71,636444,2078442,1795245,1640497,1781831,1740843,1168689,660786,113,34,588438,1915374,1679675,1564831,1720839,1699088,1151119,652168,0,198,1564,2808,4378,8132,16117,21421,51199,0,3,9,8,1,9,4,2,7275,16276,3518,3,0,0,23269,3802,1,0,0,0,0,0,0
Ontario,"October 23, 2021",42,11510223,76.1,10984807,72.6,106802,0.7,36,0,0,0,64.9,81.8,83.9,87.6,89.4,93.4,95.5,95.6,0,0,60.1,75.5,78.5,83.6,86.4,91.2,94.1,94.4,0,0,0.1,0.1,0.2,0.4,0.9,1.8,7.4,0,0,0,0,0,0,0,0,276,72,637316,2079869,1796548,1641412,1782485,1741220,1168816,660824,115,34,590100,1919150,1682454,1566710,1722222,1699819,1151325,652263,0,205,1590,2872,4487,8286,16352,21660,51350,0,3,9,8,1,9,4,2,5508,11901,1146,1,0,0,16518,2038,0,0,0,0,0,0,0
Ontario,"October 24, 2021",43,11512926,76.1,10991258,72.7,107488,0.7,36,0,0,0,65,81.9,83.9,87.6,89.4,93.4,95.5,95.6,0,0,60.2,75.6,78.6,83.7,86.4,91.2,94.1,94.4,0,0,0.1,0.1,0.2,0.4,0.9,1.8,7.5,0,0,0,0,0,0,0,0,276,72,637697,2080637,1797145,1641816,1782773,1741391,1168884,660847,115,34,590920,1921188,1683893,1567705,1722893,1700145,1151449,652299,0,206,1604,2908,4527,8352,16466,21797,51628,0,3,9,8,1,9,4,2,2601,6171,698,0,0,0,8479,983,7,0,0,0,0,0,0
Ontario,"October 25, 2021",43,11518282,76.1,11002295,72.7,109658,0.7,36,0,0,0,65,81.9,84,87.7,89.4,93.4,95.5,95.6,0,0,60.3,75.7,78.7,83.8,86.4,91.2,94.1,94.4,0,0,0.1,0.1,0.2,0.4,0.9,1.8,7.6,0,0,0,0,0,0,0,0,279,73,638225,2082056,1798463,1642693,1783396,1741788,1169025,660895,115,34,591904,1924564,1686522,1569434,1724125,1700843,1151722,652412,0,206,1635,2979,4642,8508,16795,22256,52637,0,3,9,8,1,9,4,2,5045,10317,2419,1,0,0,15367,2409,6,0,0,0,0,0,0
Ontario,"October 26, 2021",43,11524325,76.2,11015419,72.8,112798,0.7,37,0,0,0,65.1,82,84,87.7,89.5,93.4,95.5,95.6,0,0,60.4,75.9,78.9,83.9,86.5,91.3,94.1,94.4,0,0,0.1,0.1,0.3,0.4,0.9,1.9,7.8,0,0,0,0,0,0,0,0,280,75,638861,2083711,1799940,1643666,1784093,1742183,1169156,660969,115,34,593177,1928543,1689613,1571426,1725615,1701691,1152037,652545,0,209,1688,3076,4787,8769,17288,22936,54044,0,3,9,8,2,9,4,2,5732,12405,3598,1,0,0,18691,3044,1,0,0,0,0,0,0
Ontario,"October 27, 2021",43,11530079,76.2,11027955,72.9,116180,0.8,38,0,0,0,65.2,82,84.1,87.8,89.5,93.4,95.5,95.7,0,0,60.6,76,79,84,86.6,91.3,94.2,94.4,0,0,0.1,0.1,0.3,0.5,1,1.9,8.1,0,0,0,0,0,0,0,0,284,76,639446,2085229,1801319,1644613,1784799,1742568,1169300,661050,115,34,594404,1932369,1692413,1573357,1727032,1702557,1152371,652674,0,214,1739,3168,4917,9041,17817,23629,55654,0,3,9,9,2,9,4,2,5527,11927,3887,1,0,0,18087,3245,9,0,0,0,0,0,1
Ontario,"October 28, 2021",43,11535774,76.3,11040918,73,119696,0.8,38,0,0,0,65.2,82.1,84.1,87.8,89.5,93.5,95.6,95.7,0,0,60.7,76.2,79.1,84.1,86.7,91.3,94.2,94.5,0,0,0.1,0.2,0.3,0.5,1,2,8.3,0,0,0,0,0,0,0,0,288,76,639951,2086768,1802668,1645556,1785501,1742986,1169459,661124,117,34,595574,1936077,1695507,1575405,1728558,1703509,1152677,652828,0,223,1795,3278,5046,9341,18352,24303,57357,0,3,9,9,2,9,4,2,5406,12286,4006,0,0,0,18701,2996,0,0,0,0,0,0,0
Ontario,"October 29, 2021",43,11541775,76.3,11055454,73.1,122795,0.8,38,0,0,0,65.3,82.2,84.2,87.9,89.6,93.5,95.6,95.7,0,0,60.8,76.3,79.3,84.2,86.8,91.4,94.2,94.5,0,0,0.1,0.2,0.3,0.5,1,2,8.5,0,0,0,0,0,0,0,0,288,77,640575,2088305,1804135,1646528,1786267,1743423,1169594,661180,117,34,597077,1940057,1698911,1577705,1730363,1704556,1153042,652953,0,232,1870,3414,5221,9628,18878,24992,58559,0,3,9,9,2,9,4,2,5689,13804,3580,2,0,0,19777,3294,3,1,0,0,0,0,0
Ontario,"October 30, 2021",43,11546355,76.3,11065997,73.1,123997,0.8,38,0,0,0,65.3,82.2,84.3,87.9,89.6,93.5,95.6,95.7,0,0,61,76.5,79.4,84.3,86.8,91.4,94.2,94.5,0,0,0.1,0.2,0.3,0.5,1,2.1,8.5,0,0,0,0,0,0,0,0,290,80,641239,2089469,1805150,1647216,1786863,1743721,1169700,661219,117,35,598343,1942928,1701376,1579394,1731650,1705209,1153263,653035,0,236,1903,3476,5328,9791,19124,25266,58872,0,3,9,9,2,9,4,2,4337,9993,1363,2,0,0,13954,1737,3,1,0,0,0,0,0
Ontario,"October 31, 2021",44,11548428,76.3,11071035,73.2,124652,0.8,38,0,0,0,65.4,82.2,84.3,87.9,89.6,93.5,95.6,95.7,0,0,61,76.5,79.5,84.3,86.9,91.5,94.2,94.5,0,0,0.1,0.2,0.3,0.5,1,2.1,8.6,0,0,0,0,0,0,0,0,290,80,641479,2090055,1805614,1647518,1787133,1743863,1169740,661243,118,36,598949,1944330,1702555,1580153,1732289,1705518,1153372,653066,0,238,1919,3512,5368,9859,19243,25388,59124,0,3,9,9,2,9,4,2,1958,4779,689,0,0,0,6735,691,0,0,0,0,0,0,0
Ontario,"November 1, 2021",44,11552768,76.4,11078720,73.2,127838,0.8,38,0,0,0,65.4,82.3,84.3,88,89.6,93.5,95.6,95.7,0,0,61.1,76.6,79.6,84.4,86.9,91.5,94.3,94.5,0,0,0.1,0.2,0.3,0.5,1.1,2.1,8.8,0,0,0,0,0,0,0,0,291,81,641869,2091176,1806667,1648234,1787704,1744176,1169869,661284,118,36,599666,1946595,1704396,1581343,1733186,1706048,1153558,653125,0,241,1990,3670,5535,10104,19714,26068,60515,0,3,9,9,2,9,4,2,4041,7190,3409,2,0,0,12317,2325,0,0,0,0,0,0,0
Ontario,"November 2, 2021",44,11557799,76.4,11088261,73.3,131424,0.9,40,0,0,0,65.5,82.3,84.4,88,89.7,93.5,95.6,95.7,0,0,61.2,76.7,79.7,84.5,87,91.5,94.3,94.5,0,0,0.1,0.2,0.3,0.5,1.1,2.2,9,0,0,0,0,0,0,0,0,292,83,642406,2092559,1807849,1649038,1788314,1744505,1169988,661342,121,38,600615,1949405,1706563,1582772,1734331,1706718,1153806,653240,0,244,2065,3847,5739,10428,20280,26880,61940,0,5,9,9,2,9,4,2,4683,8983,3910,0,0,0,14798,2777,0,0,0,0,0,0,0
Ontario,"November 3, 2021",44,11562637,76.4,11098228,73.4,135615,0.9,41,0,0,0,65.5,82.4,84.4,88.1,89.7,93.6,95.6,95.7,0,0,61.3,76.8,79.8,84.6,87,91.6,94.3,94.5,0,0,0.1,0.2,0.3,0.5,1.1,2.3,9.2,0,0,0,0,0,0,0,0,294,93,642915,2093797,1809069,1649784,1788908,1744836,1170109,661407,122,38,601529,1952240,1708960,1584317,1735474,1707452,1154086,653356,0,247,2176,4096,6010,10784,20898,27827,63576,0,5,9,9,2,10,4,2,4500,9362,4503,5,0,0,15952,2418,0,0,0,0,0,0,0
Ontario,"November 4, 2021",44,11566995,76.5,11107669,73.4,142724,0.9,43,0,0,0,65.6,82.4,84.5,88.1,89.7,93.6,95.6,95.7,0,0,61.4,76.9,79.9,84.6,87.1,91.6,94.3,94.6,0,0,0.1,0.2,0.4,0.6,1.2,2.4,9.5,0,0,0,0,0,0,0,0,294,97,643420,2094937,1810132,1650468,1789421,1745111,1170216,661469,123,38,602444,1954962,1711228,1585707,1736588,1708068,1154369,653485,0,249,2507,4847,6794,11666,22017,29083,65560,0,5,9,10,2,11,4,2,4114,8974,7449,1,0,0,17653,2884,1,0,0,0,0,0,0
Ontario,"November 5, 2021",44,11572172,76.5,11119768,73.5,150328,1,45,0,0,0,65.6,82.5,84.6,88.1,89.8,93.6,95.6,95.7,0,0,61.5,77.1,80,84.7,87.1,91.6,94.4,94.6,0,0,0.1,0.3,0.4,0.6,1.3,2.5,9.7,0,0,0,0,0,0,0,0,294,109,644083,2096243,1811348,1651300,1790037,1745450,1170354,661520,125,38,603935,1958205,1714035,1587578,1737980,1708920,1154680,653614,0,256,2939,5738,7731,12795,23327,30470,67071,0,6,10,10,2,11,4,2,4889,11473,7899,3,0,0,20815,3449,0,0,0,0,0,0,0
Ontario,"November 6, 2021",44,11576184,76.5,11128663,73.6,158731,1,45,0,0,0,65.7,82.5,84.6,88.2,89.8,93.6,95.6,95.7,0,0,61.7,77.1,80.1,84.8,87.2,91.7,94.4,94.6,0,0,0.1,0.3,0.5,0.7,1.3,2.6,9.9,0,0,0,0,0,0,0,0,300,132,644776,2097330,1812177,1651909,1790456,1745670,1170421,661563,126,40,605282,1960668,1716063,1588821,1738976,1709485,1154863,653674,0,263,3440,6820,8844,14116,24880,32190,68177,0,6,10,10,2,11,4,2,3787,8410,8464,2,0,0,18591,2072,0,0,0,0,0,0,0
Ontario,"November 7, 2021",45,11578288,76.5,11133382,73.6,163791,1.1,47,0,0,0,65.7,82.5,84.6,88.2,89.8,93.6,95.6,95.7,0,0,61.7,77.2,80.2,84.8,87.2,91.7,94.4,94.6,0,0,0.2,0.4,0.5,0.7,1.4,2.7,10,0,0,0,0,0,0,0,0,305,157,645069,2097887,1812653,1652239,1790675,1745776,1170479,661581,126,40,605886,1962050,1717124,1589576,1739476,1709772,1154956,653708,0,269,3822,7507,9485,14898,25764,33212,68833,0,6,10,10,2,11,6,2,1957,4489,5050,0,0,0,10372,1123,0,0,0,0,0,1,0
Ontario,"November 8, 2021",45,11582108,76.6,11140970,73.6,176129,1.2,48,0,0,0,65.8,82.6,84.7,88.2,89.8,93.6,95.7,95.7,0,0,61.8,77.3,80.2,84.9,87.3,91.7,94.4,94.6,0,0,0.2,0.4,0.6,0.8,1.5,2.9,10.3,0,0,0,0,0,0,0,0,305,177,645448,2098940,1813584,1652816,1791107,1746034,1170588,661636,127,40,606517,1964255,1718996,1590750,1740355,1710293,1155179,653788,0,274,4604,9090,11132,16710,27773,35594,70951,0,7,10,10,2,11,6,2,3545,7071,12389,1,1,0,20203,2804,0,0,0,0,0,0,0
Ontario,"November 9, 2021",45,11586591,76.6,11149892,73.7,190699,1.3,49,0,0,0,65.8,82.6,84.7,88.3,89.8,93.6,95.7,95.8,0,0,61.9,77.4,80.3,85,87.3,91.7,94.4,94.6,0,0,0.2,0.5,0.7,1,1.6,3.1,10.6,0,0,0,0,0,0,0,0,306,193,645916,2100127,1814672,1653513,1791669,1746306,1170709,661702,128,40,607400,1966843,1721085,1592096,1741407,1710897,1155436,653889,0,283,5620,11028,12978,19025,30641,38084,73038,0,8,10,10,2,11,6,2,4273,8380,14761,4,0,0,24244,3173,0,1,0,0,0,0,0
Ontario,"November 10, 2021",45,11590865,76.6,11158932,73.8,205665,1.4,52,0,0,0,65.9,82.7,84.8,88.3,89.9,93.7,95.7,95.8,0,0,62,77.5,80.4,85,87.4,91.8,94.4,94.6,0,0,0.3,0.6,0.8,1.1,1.8,3.3,10.8,0,0,0,0,0,0,0,0,307,199,646382,2101284,1815756,1654161,1792154,1746552,1170825,661757,129,41,608332,1969399,1723172,1593501,1742451,1711553,1155675,654002,0,289,6699,13052,15013,21502,33596,40584,74928,0,8,10,10,2,14,6,2,4057,8492,15135,6,0,0,24478,3212,0,0,0,0,0,0,0
Ontario,"November 11, 2021",45,11595001,76.6,11167131,73.8,219713,1.5,54,0,0,0,65.9,82.7,84.8,88.3,89.9,93.7,95.7,95.8,0,0,62.1,77.6,80.5,85.1,87.4,91.8,94.5,94.6,0,0,0.3,0.7,0.9,1.2,2,3.5,11.1,0,0,0,0,0,0,0,0,308,211,646842,2102377,1816746,1654828,1792650,1746813,1170906,661824,129,41,609169,1971684,1725105,1594830,1743411,1712111,1155900,654072,0,298,7680,14911,16993,23845,36514,42867,76603,0,8,10,10,2,15,7,2,3927,7697,14065,0,0,0,22916,2773,0,0,0,0,0,0,0
Ontario,"November 12, 2021",45,11600045,76.7,11178480,73.9,237193,1.6,55,0,0,0,66,82.8,84.9,88.4,89.9,93.7,95.7,95.8,0,0,62.2,77.7,80.7,85.2,87.5,91.9,94.5,94.7,0,0,0.4,0.8,1,1.3,2.2,3.7,11.3,0,0,0,0,0,0,0,0,308,232,647502,2103634,1817962,1655576,1793232,1747174,1171039,661880,131,44,610632,1974577,1727696,1596631,1744794,1712895,1156198,654192,0,308,8925,17235,19388,26808,40804,45474,78249,0,8,10,10,2,15,8,2,4852,10852,17469,5,0,0,29320,3857,0,0,0,0,0,0,0
Ontario,"November 13, 2021",45,11603925,76.7,11187051,73.9,247778,1.6,55,0,0,0,66,82.8,84.9,88.4,89.9,93.7,95.7,95.8,0,0,62.4,77.8,80.7,85.3,87.5,91.9,94.5,94.7,0,0,0.4,0.9,1.1,1.4,2.4,3.8,11.5,0,0,0,0,0,0,0,0,309,260,648106,2104664,1818807,1656156,1793665,1747393,1171136,661911,131,44,611882,1976871,1729644,1597970,1745755,1713417,1156377,654265,0,320,9699,18395,20631,28375,44043,47074,79239,0,8,10,10,2,15,8,2,3689,8078,10617,0,0,0,20246,2138,0,0,0,0,0,0,0
Ontario,"November 14, 2021",46,11606106,76.7,11191521,74,253717,1.7,55,0,0,0,66.1,82.8,84.9,88.4,89.9,93.7,95.7,95.8,0,0,62.4,77.8,80.8,85.3,87.6,91.9,94.5,94.7,0,0,0.4,0.9,1.1,1.5,2.5,3.9,11.6,0,0,0,0,0,0,0,0,309,280,648389,2105268,1819322,1656478,1793906,1747514,1171185,661932,131,44,612454,1978194,1730655,1598641,1746227,1713711,1156471,654292,0,321,10090,18983,21239,29220,46009,48012,79841,0,8,10,10,2,15,8,2,2070,4228,5851,2,0,0,10967,1183,0,0,0,0,0,0,0
Ontario,"November 15, 2021",46,11610003,76.7,11198958,74,268252,1.8,55,0,0,0,66.1,82.9,85,88.4,90,93.7,95.7,95.8,0,0,62.5,77.9,80.9,85.4,87.6,91.9,94.5,94.7,0,0,0.4,1,1.2,1.6,2.7,4.1,11.8,0,0,0,0,0,0,0,0,310,295,648776,2106379,1820278,1657082,1794339,1747763,1171274,661981,132,45,613100,1980374,1732404,1599827,1747105,1714242,1156663,654363,0,329,11050,20679,23031,31332,50065,50304,81460,0,8,10,10,2,15,8,2,3679,6940,14422,1,0,0,22142,2899,1,0,0,0,0,0,0
Ontario,"November 16, 2021",46,11614024,76.8,11206722,74.1,287155,1.9,56,0,0,0,66.2,82.9,85,88.5,90,93.7,95.7,95.8,0,0,62.6,78,81,85.5,87.6,91.9,94.5,94.7,0,0,0.5,1.1,1.3,1.7,2.9,4.3,12.3,0,0,0,0,0,0,0,0,310,310,649218,2107513,1821218,1657672,1794808,1748020,1171383,662043,133,47,613884,1982679,1734194,1601029,1748020,1714709,1156871,654449,0,337,12314,22733,25162,34033,54847,52982,84744,0,8,11,10,2,15,8,2,3866,7198,19003,2,0,0,26104,3965,0,0,0,0,0,0,0
Ontario,"November 17, 2021",46,11617844,76.8,11214185,74.1,307850,2,58,0,0,0,66.2,83,85.1,88.5,90,93.7,95.7,95.8,0,0,62.6,78.1,81,85.5,87.7,92,94.5,94.7,0,0,0.5,1.2,1.5,1.9,3.2,4.6,12.9,0,0,0,0,0,0,0,0,311,325,649607,2108557,1822147,1658245,1795260,1748258,1171495,662109,135,47,614630,1984801,1735952,1602143,1748899,1715246,1157066,654557,0,340,13749,25052,27495,36958,59327,55811,89114,0,9,11,10,2,15,8,3,3665,6981,20753,7,1,0,27518,3884,0,0,0,0,0,0,5
Ontario,"November 18, 2021",46,11621665,76.8,11221871,74.2,331201,2.2,59,0,0,0,66.2,83,85.1,88.5,90,93.8,95.7,95.8,0,0,62.7,78.2,81.1,85.6,87.7,92,94.6,94.7,0,0,0.6,1.3,1.6,2,3.4,4.8,13.6,0,0,0,0,0,0,0,0,313,336,649993,2109645,1823054,1658775,1795717,1748536,1171604,662158,137,47,615455,1986899,1737769,1603327,1749809,1715791,1157273,654654,0,347,15331,27740,30210,40380,64087,59296,93806,0,10,11,10,2,15,8,3,3669,7232,23466,2,1,0,29966,4404,0,0,0,0,0,0,0
Ontario,"November 19, 2021",46,11626030,76.8,11230651,74.2,357603,2.4,60,0,0,0,66.3,83.1,85.1,88.6,90.1,93.8,95.7,95.8,0,0,62.8,78.3,81.2,85.6,87.8,92,94.6,94.7,0,0,0.7,1.4,1.8,2.2,3.7,5.2,14.4,0,0,0,0,0,0,0,0,314,359,650628,2110846,1824049,1659372,1796205,1748793,1171726,662200,137,48,616558,1989307,1739851,1604677,1750831,1716346,1157452,654729,0,361,17057,30653,33231,43950,69563,63169,99614,0,10,12,10,2,15,8,3,4173,8321,26602,6,0,0,34502,4599,0,1,0,0,0,0,0
Ontario,"November 20, 2021",46,11629456,76.9,11237556,74.3,375016,2.5,60,0,0,0,66.4,83.1,85.2,88.6,90.1,93.8,95.7,95.8,0,0,62.9,78.3,81.3,85.7,87.8,92.1,94.6,94.8,0,0,0.7,1.5,1.8,2.3,3.9,5.5,15.1,0,0,0,0,0,0,0,0,320,377,651177,2111754,1824807,1659874,1796590,1748992,1171793,662229,137,48,617583,1991190,1741379,1605717,1751578,1716799,1157603,654803,0,377,17867,31805,34542,45674,73032,67268,104446,0,10,12,10,2,15,8,3,3276,6545,17450,1,0,0,24149,3122,0,0,0,0,0,0,0
Ontario,"November 21, 2021",47,11631401,76.9,11241432,74.3,383891,2.5,60,0,0,0,66.4,83.1,85.2,88.6,90.1,93.8,95.8,95.8,0,0,63,78.4,81.3,85.7,87.8,92.1,94.6,94.8,0,0,0.7,1.5,1.9,2.3,4,5.7,15.5,0,0,0,0,0,0,0,0,321,392,651450,2112304,1825230,1660172,1796798,1749107,1171832,662241,137,48,618062,1992394,1742254,1606304,1751998,1717012,1157676,654828,0,378,18270,32405,35195,46476,74555,69746,106861,0,10,12,10,2,15,8,3,1830,3619,8818,2,0,0,12911,1358,0,0,0,0,0,0,0
Ontario,"November 22, 2021",47,11634653,76.9,11247396,74.3,407221,2.7,60,0,0,0,66.4,83.1,85.2,88.6,90.1,93.8,95.8,95.8,0,0,63,78.5,81.4,85.8,87.9,92.1,94.6,94.8,0,0,0.8,1.6,2,2.5,4.2,6.2,16.2,0,0,0,0,0,0,0,0,321,416,651760,2113187,1826028,1660679,1797155,1749333,1171939,662277,140,49,618572,1994113,1743679,1607291,1752697,1717415,1157833,654887,0,385,19595,34410,37265,48957,78757,75932,111915,0,10,12,10,2,15,8,3,3066,5554,23210,1,0,0,28045,3786,0,0,0,0,0,0,0
Ontario,"November 23, 2021",47,11638369,76.9,11254145,74.4,438674,2.9,61,0,0,0,66.5,83.2,85.3,88.7,90.1,93.8,95.8,95.8,0,0,63.1,78.5,81.5,85.8,87.9,92.1,94.6,94.8,0,0,0.8,1.7,2.1,2.6,4.5,7,17.2,0,0,0,0,0,0,0,0,325,438,652127,2114187,1826928,1661244,1797612,1749590,1172030,662329,140,50,619229,1996074,1745273,1608291,1753450,1717893,1158045,654976,0,394,21084,36895,39888,52024,84181,85089,119114,0,10,12,10,3,15,8,3,3606,6262,31667,2,0,0,35713,5824,0,0,0,0,0,0,0
Ontario,"November 24, 2021",47,11642274,77,11260659,74.4,473574,3.1,61,0,0,0.1,66.5,83.2,85.3,88.7,90.2,93.8,95.8,95.8,0,0,63.2,78.6,81.5,85.9,88,92.1,94.6,94.8,0,0,0.9,1.9,2.3,2.8,4.8,7.8,18.4,0,0,0,0,0,0,0,0,326,740,652608,2115194,1827717,1661754,1798003,1749834,1172154,662380,142,56,619874,1997886,1746786,1609317,1754193,1718361,1158246,655073,0,412,22840,39679,42765,55452,89859,95495,127064,0,10,12,10,3,15,8,3,3746,6084,35044,1,0,0,37993,6882,0,0,0,0,0,0,0
Ontario,"November 25, 2021",47,11653585,77,11267205,74.5,507741,3.4,63,0,0,0.6,66.7,83.3,85.4,88.7,90.2,93.8,95.8,95.9,0,0,63.2,78.7,81.6,85.9,88,92.2,94.7,94.8,0,0,1,2,2.4,3,5.1,8.7,19.5,0,0,0,0,0,0,0,0,327,6830,654734,2116159,1828505,1662279,1798403,1750088,1172255,662424,144,57,620536,1999674,1748331,1610362,1754944,1718807,1158463,655160,0,429,24433,42357,45789,59011,95095,106136,134483,0,10,13,10,3,16,8,3,11199,6129,34792,2,0,0,45256,6866,0,0,0,0,0,0,0
Ontario,"November 26, 2021",47,11675912,77.2,11274181,74.5,541183,3.6,65,0,0,2,67.2,83.3,85.4,88.7,90.2,93.9,95.8,95.9,0,0,63.3,78.8,81.7,86,88,92.2,94.7,94.8,0,0,1,2.1,2.6,3.1,5.4,9.6,20.5,0,0,0,0,0,0,0,0,329,21589,659272,2117039,1829273,1662828,1798801,1750339,1172370,662466,145,60,621329,2001496,1750007,1611415,1755822,1719323,1158626,655228,0,444,25989,44911,48608,62216,100304,116910,141793,0,10,13,10,3,16,9,4,22133,6566,33678,6,0,0,55686,6697,0,0,0,0,0,0,0
Ontario,"November 27, 2021",47,11703640,77.4,11279478,74.6,559316,3.7,66,0,0,3.8,67.8,83.3,85.4,88.8,90.2,93.9,95.8,95.9,0,0,63.4,78.8,81.7,86,88.1,92.2,94.7,94.8,0,0,1,2.1,2.7,3.2,5.5,10.1,21.1,0,0,0,0,0,0,0,0,330,41353,664998,2117713,1829816,1663180,1799140,1750532,1172432,662501,146,78,622077,2002938,1751138,1612221,1756440,1719669,1158761,655279,0,453,26600,45906,49817,63568,103298,123857,145809,0,10,13,10,3,17,9,4,27549,4896,18106,2,0,0,47739,2813,0,1,0,0,0,0,0
Ontario,"November 28, 2021",48,11722567,77.5,11282343,74.6,570865,3.8,66,0,0,5.1,68.2,83.3,85.4,88.8,90.2,93.9,95.8,95.9,0,0,63.4,78.8,81.8,86.1,88.1,92.2,94.7,94.8,0,0,1.1,2.2,2.7,3.2,5.6,10.5,21.5,0,0,0,0,0,0,0,0,331,55062,668990,2118145,1830134,1663354,1799299,1750612,1172459,662511,146,86,622397,2003833,1751788,1612657,1756733,1719838,1158824,655310,0,463,27018,46529,50590,64418,105149,128247,148443,0,10,13,10,3,17,9,4,18814,2594,11438,2,0,0,31446,1402,0,0,0,0,0,0,0
Ontario,"November 29, 2021",48,11743221,77.6,11287435,74.6,600572,4,67,0,0,6.4,68.6,83.4,85.5,88.8,90.2,93.9,95.8,95.9,0,0,63.5,78.9,81.8,86.1,88.1,92.2,94.7,94.8,0,0,1.1,2.2,2.8,3.3,5.9,11.4,22.5,0,0,0,0,0,0,0,0,332,68744,673435,2118936,1830781,1663782,1799625,1750805,1172541,662543,146,100,622902,2005334,1752992,1613440,1757308,1720164,1158963,655354,0,471,27926,47972,52288,66672,109866,139683,155686,0,10,13,11,3,17,9,4,20482,4638,29735,4,0,0,50320,4539,0,0,0,0,0,0,0
Ontario,"November 30, 2021",48,11769440,77.8,11293014,74.6,637533,4.2,70,0,0,8,69.2,83.4,85.5,88.8,90.2,93.9,95.8,95.9,0,0,63.5,79,81.9,86.2,88.1,92.3,94.7,94.8,0,0,1.1,2.3,2.9,3.5,6.2,12.6,23.8,0,0,0,0,0,0,0,0,333,86526,679114,2119776,1831559,1664239,1799954,1751005,1172633,662581,146,121,623436,2006974,1754287,1614255,1757976,1720545,1159123,655418,0,475,28988,49725,54561,69566,115425,154223,164562,0,10,13,11,4,17,9,6,26038,5133,37197,4,0,0,61501,6869,1,0,1,0,0,0,0
Ontario,"December 1, 2021",48,11795891,78,11298014,74.7,676871,4.5,71,0,0,9.7,69.8,83.4,85.5,88.8,90.3,93.9,95.8,95.9,0,0,63.6,79,81.9,86.2,88.2,92.3,94.7,94.9,0,0,1.2,2.4,3.1,3.7,6.5,13.8,25.2,0,0,0,0,0,0,0,0,336,104858,684614,2120602,1832235,1664676,1800263,1751196,1172736,662617,146,124,623961,2008405,1755441,1614991,1758565,1720880,1159278,655488,0,489,30240,51831,57167,72906,121213,169182,173835,0,10,13,11,4,17,10,6,26302,4639,39371,1,0,0,62309,8000,0,0,0,0,0,1,0
Ontario,"December 2, 2021",48,11820949,78.1,11303129,74.7,719159,4.8,72,0,0,11.3,70.3,83.5,85.6,88.9,90.3,93.9,95.8,95.9,0,0,63.6,79.1,82,86.2,88.2,92.3,94.7,94.9,0,0.1,1.2,2.5,3.2,3.8,6.8,15.2,26.7,0,0,0,0,0,0,0,0,337,122213,689736,2121365,1832942,1665108,1800574,1751397,1172841,662657,146,142,624464,2009883,1756693,1615772,1759135,1721195,1159406,655553,0,503,31419,53769,59733,76458,127189,185534,184546,0,10,13,11,4,18,10,6,24878,4752,42393,4,0,0,65221,6805,1,0,0,0,0,0,0
Ontario,"December 3, 2021",48,11848712,78.3,11309160,74.8,765626,5.1,78,0,0,13.1,70.8,83.5,85.6,88.9,90.3,93.9,95.8,95.9,0,0,63.7,79.1,82.1,86.3,88.2,92.3,94.7,94.9,0,0.1,1.3,2.6,3.3,4,7.2,16.6,28.3,0,0,0,0,0,0,0,0,341,141649,695200,2122209,1833688,1665618,1800911,1751636,1172944,662709,146,149,625204,2011518,1758132,1616693,1759809,1721607,1159540,655620,0,518,32840,56121,62650,80424,134123,203298,195644,0,10,13,11,5,18,10,11,27599,5619,46612,16,0,0,72058,7787,0,1,0,0,0,0,0
Ontario,"December 4, 2021",48,11880625,78.5,11313548,74.8,791491,5.2,79,0,0,15.3,71.5,83.5,85.6,88.9,90.3,93.9,95.8,95.9,0,0,63.8,79.2,82.1,86.3,88.3,92.3,94.8,94.9,0,0.1,1.3,2.7,3.4,4.1,7.4,17.4,29.2,0,0,0,0,0,0,0,0,341,165391,701545,2122770,1834149,1665928,1801163,1751773,1172995,662728,151,168,625818,2012725,1759140,1617339,1760296,1721860,1159654,655650,0,530,33618,57289,64160,82593,138270,213017,202005,0,11,13,11,5,18,10,11,31815,4101,25864,3,0,0,58171,3611,0,1,0,0,0,0,0
Ontario,"December 5, 2021",49,11899760,78.7,11316253,74.8,808001,5.3,79,0,0,16.6,71.9,83.5,85.6,88.9,90.3,93.9,95.8,95.9,0,0,63.8,79.2,82.1,86.3,88.3,92.3,94.8,94.9,0,0.1,1.3,2.7,3.5,4.2,7.5,17.9,29.8,0,0,0,0,0,0,0,0,341,179525,705303,2123137,1834495,1666141,1801318,1751868,1173029,662745,151,188,626187,2013558,1759699,1617715,1760618,1722006,1159709,655673,0,544,34098,58024,65170,83917,140698,219674,205867,0,11,13,11,5,18,10,11,19030,2476,16374,2,0,0,35951,1931,0,0,0,0,0,0,0
Ontario,"December 6, 2021",49,11914594,78.8,11320685,74.8,848264,5.6,81,0,0,17.5,72.2,83.6,85.7,88.9,90.3,94,95.9,95.9,0,0,63.9,79.3,82.2,86.4,88.3,92.4,94.8,94.9,0,0.1,1.4,2.8,3.6,4.4,7.9,19.3,31.2,0,0,0,0,0,0,0,0,342,188997,708299,2123828,1835163,1666566,1801615,1752031,1173092,662785,151,202,626604,2014868,1760698,1618408,1761120,1722344,1159823,655718,0,557,35057,59588,67182,87023,146425,236793,215630,0,12,13,11,5,18,11,11,14688,4045,40066,1,0,0,52688,6112,0,0,0,0,0,0,0
Ontario,"December 7, 2021",49,11933622,78.9,11325322,74.9,896997,5.9,83,0,0,18.6,72.6,83.6,85.7,89,90.3,94,95.9,95.9,0,0,63.9,79.3,82.2,86.4,88.3,92.4,94.8,94.9,0,0.1,1.4,2.9,3.7,4.6,8.2,21,32.9,0,0,0,0,0,0,0,0,342,201724,712182,2124549,1835815,1666989,1801915,1752213,1173172,662835,152,212,627075,2016235,1761703,1619086,1761669,1722700,1159958,655783,0,569,36320,61587,69811,91154,153323,256869,227355,0,12,13,11,5,19,12,11,18904,4218,48954,2,0,0,61976,10097,0,0,5,0,0,0,0
Ontario,"December 8, 2021",49,11951868,79,11329629,74.9,947954,6.3,86,0,0,19.8,72.9,83.6,85.7,89,90.4,94,95.9,95.9,0,0,63.9,79.4,82.3,86.4,88.4,92.4,94.8,94.9,0,0.1,1.5,3,3.9,4.8,8.6,22.7,34.6,0,0,0,0,0,0,0,0,343,214051,715675,2125262,1836459,1667414,1802236,1752407,1173249,662877,153,217,627525,2017462,1762728,1619711,1762167,1723031,1160060,655825,0,594,37838,63984,72886,95816,160502,277300,239023,0,12,15,11,5,20,12,11,18105,3954,51063,0,0,0,62578,10544,0,0,0,0,0,0,0
Ontario,"December 9, 2021",49,11969436,79.1,11334237,74.9,1002058,6.6,91,0,0,20.9,73.3,83.7,85.8,89,90.4,94,95.9,95.9,0,0,64,79.4,82.3,86.5,88.4,92.4,94.8,94.9,0,0.1,1.6,3.1,4.1,5,9,24.4,36.4,0,0,0,0,0,0,0,0,344,225821,719011,2125907,1837104,1667885,1802590,1752605,1173343,662922,153,227,627966,2018819,1763759,1620353,1762730,1723394,1160195,655890,0,624,39464,66427,76025,100665,168154,298825,251863,0,12,16,11,7,20,13,12,17470,4196,54254,5,0,0,65373,10531,0,0,20,0,0,0,1
Ontario,"December 10, 2021",49,11989818,79.3,11340029,75,1057989,7,94,0,0,22.2,73.6,83.7,85.8,89,90.4,94,95.9,95.9,0,0,64.1,79.5,82.4,86.5,88.4,92.4,94.8,94.9,0,0.1,1.6,3.2,4.2,5.3,9.5,26.2,38.2,0,0,0,0,0,0,0,0,346,239933,722707,2126594,1837784,1668347,1802926,1752844,1173454,662967,154,247,628601,2020394,1765156,1621239,1763421,1723787,1160338,655940,0,659,41176,69188,79329,106025,176672,320704,264225,0,12,17,11,8,20,13,13,20267,5321,56032,4,0,0,71046,10566,0,0,11,0,0,1,0
Ontario,"December 11, 2021",49,12012504,79.4,11344167,75,1091357,7.2,99,0,0,23.7,74.1,83.7,85.8,89.1,90.4,94,95.9,95.9,0,0,64.1,79.5,82.4,86.6,88.4,92.5,94.8,94.9,0,0.1,1.7,3.3,4.3,5.5,9.8,27.3,39.3,0,0,0,0,0,0,0,0,347,256465,726942,2127148,1838289,1668680,1803205,1752979,1173521,662994,159,264,629163,2021555,1766087,1621840,1763891,1724050,1160429,655975,0,679,42237,70584,81368,109522,182032,333659,271265,0,13,18,13,8,21,13,13,22603,3820,33212,5,0,0,54192,5448,0,0,0,0,0,0,0
Ontario,"December 12, 2021",50,12024093,79.5,11346562,75,1111964,7.4,102,0,0,24.5,74.3,83.7,85.8,89.1,90.4,94,95.9,95.9,0,0,64.1,79.6,82.5,86.6,88.5,92.5,94.8,94.9,0,0.1,1.7,3.3,4.4,5.6,10,27.9,39.8,0,0,0,0,0,0,0,0,348,264848,729029,2127481,1838582,1668885,1803351,1753061,1173557,663009,160,268,629479,2022275,1766613,1622188,1764152,1724202,1160476,655993,0,693,42943,71485,82725,111849,185601,341314,275343,0,13,18,13,8,23,13,14,11507,2170,20307,4,0,0,31487,2501,0,0,0,0,0,0,0
